Ref,Val,Package,PosX,PosY,Rot,Side
"C1","1000µF","CP_Radial_D10.0mm_P5.00mm",156.400000,-90.282323,-90.000000,top
"C2","100nF","C_0805_2012Metric_Pad1.18x1.45mm_HandSolder",145.600000,-63.800000,90.000000,top
"C3","100nF","C_0805_2012Metric_Pad1.18x1.45mm_HandSolder",137.500000,-46.300000,0.000000,top
"C4","1µF","C_0603_1608Metric_Pad1.08x0.95mm_HandSolder",160.900000,-63.282323,-90.000000,top
"CIN1","22µF","C_0805_2012Metric_Pad1.18x1.45mm_HandSolder",143.200000,-63.800000,90.000000,top
"COUT1","47µF","C_0805_2012Metric_Pad1.18x1.45mm_HandSolder",143.400000,-46.300000,180.000000,top
"COUT2","220µF 6.3V","CP_EIA-6032-28_Kemet-C_HandSolder",142.400000,-50.400000,180.000000,top
"D1","LED","LED_0805_2012Metric_Pad1.15x1.40mm_HandSolder",164.500000,-96.300000,90.000000,top
"D2","SS34","D_SMA",137.200000,-56.800000,90.000000,top
"D_TVS1","SMAJ5.0A","D_SMA",132.500000,-81.600000,90.000000,top
"EN_CTRL1","MMBT3904","SOT-23",159.962500,-68.282323,0.000000,top
"IO0_CTRL1","MMBT3904","SOT-23",153.462500,-68.282323,0.000000,top
"J1","Barrel_Jack_Connector","BarrelJack",141.600000,-95.932323,0.000000,top
"J2","Morsetto","Morsetto_3_Vie",154.370000,-78.362323,0.000000,top
"J3","ESP32_PROG_1x6","PinHeader_1x06_P2.54mm_Vertical",131.780000,-42.782323,90.000000,top
"L1","100µH","L_Bourns_SRN6045TA",143.000000,-56.800000,90.000000,top
"Polyfuse1","4A","Fuse_2920_7451Metric_Pad2.10x5.45mm_HandSolder",133.000000,-90.500000,90.000000,top
"R0","470Ω","R_0805_2012Metric_Pad1.20x1.40mm_HandSolder",164.500000,-92.500000,-90.000000,top
"R1","10k","R_0603_1608Metric_Pad0.98x0.95mm_HandSolder",148.400000,-63.394823,-90.000000,top
"R2","10k","R_0603_1608Metric_Pad0.98x0.95mm_HandSolder",151.550000,-63.382323,90.000000,top
"R3","10k","R_0603_1608Metric_Pad0.98x0.95mm_HandSolder",154.800000,-63.369823,90.000000,top
"R4","10k","R_0603_1608Metric_Pad0.98x0.95mm_HandSolder",157.900000,-63.369823,90.000000,top
"R5","100Ω","R_0805_2012Metric_Pad1.20x1.40mm_HandSolder",148.500000,-68.832323,180.000000,top
"Rbot1","1.2k","R_0805_2012Metric_Pad1.20x1.40mm_HandSolder",133.500000,-57.000000,90.000000,top
"Rtop1","2.0k","R_0805_2012Metric_Pad1.20x1.40mm_HandSolder",130.800000,-57.000000,90.000000,top
"SW1","BOOT","SW_SPST_PTS810",151.500000,-37.900000,180.000000,top
"SW2","RESET","SW_SPST_PTS810",145.100000,-37.900000,180.000000,top
"U1","ESP32-WROOM-32U","XCVR_ESP32-WROOM-32U",157.300000,-50.622323,0.000000,top
"U3","USBLC6-2SC6","SOT-23-6_Handsoldering",148.450000,-73.432323,-90.000000,top
"U4","LM2596S-ADJ","TO-263-5_TabPin3",136.000000,-71.500000,-90.000000,top
