"Reference","Value","Footprint","MPN","Manufacturer","QUANTITY"
"C1","1000µF","Capacitor_THT:CP_Radial_D10.0mm_P5.00mm","","","1"
"C2,C3","100nF","Capacitor_SMD:C_0805_2012Metric_Pad1.18x1.45mm_HandSolder","","","2"
"C4","1µF","Capacitor_SMD:C_0603_1608Metric_Pad1.08x0.95mm_HandSolder","","","1"
"CIN1","22µF","Capacitor_SMD:C_0805_2012Metric_Pad1.18x1.45mm_HandSolder","","","1"
"COUT1","47µF","Capacitor_SMD:C_0805_2012Metric_Pad1.18x1.45mm_HandSolder","","","1"
"COUT2","220µF 6.3V","Capacitor_Tantalum_SMD:CP_EIA-6032-28_Kemet-C_HandSolder","TPSC227M006R0100","Kyocera AVX","1"
"D1","LED","LED_SMD:LED_0805_2012Metric_Pad1.15x1.40mm_HandSolder","","","1"
"D2","SS34","Diode_SMD:D_SMA","","","1"
"D_TVS1","SMAJ5.0A","Diode_SMD:D_SMA","SMAJ5.0A","Littelfuse (o equivalente)","1"
"EN_CTRL1,IO0_CTRL1","MMBT3904","Package_TO_SOT_SMD:SOT-23","MMBT3904","onsemi / Nexperia (any MMBT3904, SOT-23 B-E-C)","2"
"J1","Barrel_Jack_Connector","USBC:BarrelJack","","","1"
"J2","Morsetto","USBC:Morsetto_3_Vie","","","1"
"J3","ESP32_PROG_1x6","Connector_PinHeader_2.54mm:PinHeader_1x06_P2.54mm_Vertical","","","1"
"L1","100µH","Inductor_SMD:L_Bourns_SRN6045TA","SRN6045TA-101M","Bourns","1"
"Polyfuse1","4A","Fuse:Fuse_2920_7451Metric_Pad2.10x5.45mm_HandSolder","MF-LSMF400/12X","Bourns","1"
"R0","470Ω","Resistor_SMD:R_0805_2012Metric_Pad1.20x1.40mm_HandSolder","","","1"
"R1-R4","10k","Resistor_SMD:R_0603_1608Metric_Pad0.98x0.95mm_HandSolder","","","4"
"R5","100Ω","Resistor_SMD:R_0805_2012Metric_Pad1.20x1.40mm_HandSolder","","","1"
"Rbot1","1.2k","Resistor_SMD:R_0805_2012Metric_Pad1.20x1.40mm_HandSolder","","","1"
"Rtop1","2.0k","Resistor_SMD:R_0805_2012Metric_Pad1.20x1.40mm_HandSolder","","","1"
"SW1","BOOT","Button_Switch_SMD:SW_SPST_PTS810","PTS810 SJM 250 SMTR LFS","C&K","1"
"SW2","RESET","Button_Switch_SMD:SW_SPST_PTS810","PTS810 SJM 250 SMTR LFS","C&K","1"
"U1","ESP32-WROOM-32U","USBC:XCVR_ESP32-WROOM-32U","","","1"
"U3","USBLC6-2SC6","Package_TO_SOT_SMD:SOT-23-6_Handsoldering","","","1"
"U4","LM2596S-ADJ","Package_TO_SOT_SMD:TO-263-5_TabPin3","","","1"
